case_id,decision_mode,channel,traceback_depth,path_metric_width,normalization,payload_length,mismatch_count,observed_mismatch_rate,source_run_id
all_zero,hard,no_noise,16,8,none,96,0,0.000000,m5_all_zero_tb16_pm8_none
all_zero,hard,no_noise,16,8,subtract_min,96,0,0.000000,m5_all_zero_tb16_pm8_subtract_min
all_zero,hard,no_noise,16,10,none,96,0,0.000000,m5_all_zero_tb16_pm10_none
all_zero,hard,no_noise,16,10,subtract_min,96,0,0.000000,m5_all_zero_tb16_pm10_subtract_min
all_zero,hard,no_noise,16,12,none,96,0,0.000000,m5_all_zero_tb16_pm12_none
all_zero,hard,no_noise,16,12,subtract_min,96,0,0.000000,m5_all_zero_tb16_pm12_subtract_min
all_zero,hard,no_noise,16,16,none,96,0,0.000000,m5_all_zero_tb16_pm16_none
all_zero,hard,no_noise,16,16,subtract_min,96,0,0.000000,m5_all_zero_tb16_pm16_subtract_min
all_zero,hard,no_noise,32,8,none,96,0,0.000000,m5_all_zero_tb32_pm8_none
all_zero,hard,no_noise,32,8,subtract_min,96,0,0.000000,m5_all_zero_tb32_pm8_subtract_min
all_zero,hard,no_noise,32,10,none,96,0,0.000000,m5_all_zero_tb32_pm10_none
all_zero,hard,no_noise,32,10,subtract_min,96,0,0.000000,m5_all_zero_tb32_pm10_subtract_min
all_zero,hard,no_noise,32,12,none,96,0,0.000000,m5_all_zero_tb32_pm12_none
all_zero,hard,no_noise,32,12,subtract_min,96,0,0.000000,m5_all_zero_tb32_pm12_subtract_min
all_zero,hard,no_noise,32,16,none,96,0,0.000000,m5_all_zero_tb32_pm16_none
all_zero,hard,no_noise,32,16,subtract_min,96,0,0.000000,m5_all_zero_tb32_pm16_subtract_min
all_zero,hard,no_noise,40,8,none,96,0,0.000000,m5_all_zero_tb40_pm8_none
all_zero,hard,no_noise,40,8,subtract_min,96,0,0.000000,m5_all_zero_tb40_pm8_subtract_min
all_zero,hard,no_noise,40,10,none,96,0,0.000000,m5_all_zero_tb40_pm10_none
all_zero,hard,no_noise,40,10,subtract_min,96,0,0.000000,m5_all_zero_tb40_pm10_subtract_min
all_zero,hard,no_noise,40,12,none,96,0,0.000000,m5_all_zero_tb40_pm12_none
all_zero,hard,no_noise,40,12,subtract_min,96,0,0.000000,m5_all_zero_tb40_pm12_subtract_min
all_zero,hard,no_noise,40,16,none,96,0,0.000000,m5_all_zero_tb40_pm16_none
all_zero,hard,no_noise,40,16,subtract_min,96,0,0.000000,m5_all_zero_tb40_pm16_subtract_min
all_zero,hard,no_noise,64,8,none,96,0,0.000000,m5_all_zero_tb64_pm8_none
all_zero,hard,no_noise,64,8,subtract_min,96,0,0.000000,m5_all_zero_tb64_pm8_subtract_min
all_zero,hard,no_noise,64,10,none,96,0,0.000000,m5_all_zero_tb64_pm10_none
all_zero,hard,no_noise,64,10,subtract_min,96,0,0.000000,m5_all_zero_tb64_pm10_subtract_min
all_zero,hard,no_noise,64,12,none,96,0,0.000000,m5_all_zero_tb64_pm12_none
all_zero,hard,no_noise,64,12,subtract_min,96,0,0.000000,m5_all_zero_tb64_pm12_subtract_min
all_zero,hard,no_noise,64,16,none,96,0,0.000000,m5_all_zero_tb64_pm16_none
all_zero,hard,no_noise,64,16,subtract_min,96,0,0.000000,m5_all_zero_tb64_pm16_subtract_min
burst_error_short,hard,burst_error,16,8,none,96,0,0.000000,m5_burst_error_short_tb16_pm8_none
burst_error_short,hard,burst_error,16,8,subtract_min,96,0,0.000000,m5_burst_error_short_tb16_pm8_subtract_min
burst_error_short,hard,burst_error,16,10,none,96,0,0.000000,m5_burst_error_short_tb16_pm10_none
burst_error_short,hard,burst_error,16,10,subtract_min,96,0,0.000000,m5_burst_error_short_tb16_pm10_subtract_min
burst_error_short,hard,burst_error,16,12,none,96,0,0.000000,m5_burst_error_short_tb16_pm12_none
burst_error_short,hard,burst_error,16,12,subtract_min,96,0,0.000000,m5_burst_error_short_tb16_pm12_subtract_min
burst_error_short,hard,burst_error,16,16,none,96,0,0.000000,m5_burst_error_short_tb16_pm16_none
burst_error_short,hard,burst_error,16,16,subtract_min,96,0,0.000000,m5_burst_error_short_tb16_pm16_subtract_min
burst_error_short,hard,burst_error,32,8,none,96,0,0.000000,m5_burst_error_short_tb32_pm8_none
burst_error_short,hard,burst_error,32,8,subtract_min,96,0,0.000000,m5_burst_error_short_tb32_pm8_subtract_min
burst_error_short,hard,burst_error,32,10,none,96,0,0.000000,m5_burst_error_short_tb32_pm10_none
burst_error_short,hard,burst_error,32,10,subtract_min,96,0,0.000000,m5_burst_error_short_tb32_pm10_subtract_min
burst_error_short,hard,burst_error,32,12,none,96,0,0.000000,m5_burst_error_short_tb32_pm12_none
burst_error_short,hard,burst_error,32,12,subtract_min,96,0,0.000000,m5_burst_error_short_tb32_pm12_subtract_min
burst_error_short,hard,burst_error,32,16,none,96,0,0.000000,m5_burst_error_short_tb32_pm16_none
burst_error_short,hard,burst_error,32,16,subtract_min,96,0,0.000000,m5_burst_error_short_tb32_pm16_subtract_min
burst_error_short,hard,burst_error,40,8,none,96,0,0.000000,m5_burst_error_short_tb40_pm8_none
burst_error_short,hard,burst_error,40,8,subtract_min,96,0,0.000000,m5_burst_error_short_tb40_pm8_subtract_min
burst_error_short,hard,burst_error,40,10,none,96,0,0.000000,m5_burst_error_short_tb40_pm10_none
burst_error_short,hard,burst_error,40,10,subtract_min,96,0,0.000000,m5_burst_error_short_tb40_pm10_subtract_min
burst_error_short,hard,burst_error,40,12,none,96,0,0.000000,m5_burst_error_short_tb40_pm12_none
burst_error_short,hard,burst_error,40,12,subtract_min,96,0,0.000000,m5_burst_error_short_tb40_pm12_subtract_min
burst_error_short,hard,burst_error,40,16,none,96,0,0.000000,m5_burst_error_short_tb40_pm16_none
burst_error_short,hard,burst_error,40,16,subtract_min,96,0,0.000000,m5_burst_error_short_tb40_pm16_subtract_min
burst_error_short,hard,burst_error,64,8,none,96,0,0.000000,m5_burst_error_short_tb64_pm8_none
burst_error_short,hard,burst_error,64,8,subtract_min,96,0,0.000000,m5_burst_error_short_tb64_pm8_subtract_min
burst_error_short,hard,burst_error,64,10,none,96,0,0.000000,m5_burst_error_short_tb64_pm10_none
burst_error_short,hard,burst_error,64,10,subtract_min,96,0,0.000000,m5_burst_error_short_tb64_pm10_subtract_min
burst_error_short,hard,burst_error,64,12,none,96,0,0.000000,m5_burst_error_short_tb64_pm12_none
burst_error_short,hard,burst_error,64,12,subtract_min,96,0,0.000000,m5_burst_error_short_tb64_pm12_subtract_min
burst_error_short,hard,burst_error,64,16,none,96,0,0.000000,m5_burst_error_short_tb64_pm16_none
burst_error_short,hard,burst_error,64,16,subtract_min,96,0,0.000000,m5_burst_error_short_tb64_pm16_subtract_min
impulse_one,hard,no_noise,16,8,none,96,0,0.000000,m5_impulse_one_tb16_pm8_none
impulse_one,hard,no_noise,16,8,subtract_min,96,0,0.000000,m5_impulse_one_tb16_pm8_subtract_min
impulse_one,hard,no_noise,16,10,none,96,0,0.000000,m5_impulse_one_tb16_pm10_none
impulse_one,hard,no_noise,16,10,subtract_min,96,0,0.000000,m5_impulse_one_tb16_pm10_subtract_min
impulse_one,hard,no_noise,16,12,none,96,0,0.000000,m5_impulse_one_tb16_pm12_none
impulse_one,hard,no_noise,16,12,subtract_min,96,0,0.000000,m5_impulse_one_tb16_pm12_subtract_min
impulse_one,hard,no_noise,16,16,none,96,0,0.000000,m5_impulse_one_tb16_pm16_none
impulse_one,hard,no_noise,16,16,subtract_min,96,0,0.000000,m5_impulse_one_tb16_pm16_subtract_min
impulse_one,hard,no_noise,32,8,none,96,0,0.000000,m5_impulse_one_tb32_pm8_none
impulse_one,hard,no_noise,32,8,subtract_min,96,0,0.000000,m5_impulse_one_tb32_pm8_subtract_min
impulse_one,hard,no_noise,32,10,none,96,0,0.000000,m5_impulse_one_tb32_pm10_none
impulse_one,hard,no_noise,32,10,subtract_min,96,0,0.000000,m5_impulse_one_tb32_pm10_subtract_min
impulse_one,hard,no_noise,32,12,none,96,0,0.000000,m5_impulse_one_tb32_pm12_none
impulse_one,hard,no_noise,32,12,subtract_min,96,0,0.000000,m5_impulse_one_tb32_pm12_subtract_min
impulse_one,hard,no_noise,32,16,none,96,0,0.000000,m5_impulse_one_tb32_pm16_none
impulse_one,hard,no_noise,32,16,subtract_min,96,0,0.000000,m5_impulse_one_tb32_pm16_subtract_min
impulse_one,hard,no_noise,40,8,none,96,0,0.000000,m5_impulse_one_tb40_pm8_none
impulse_one,hard,no_noise,40,8,subtract_min,96,0,0.000000,m5_impulse_one_tb40_pm8_subtract_min
impulse_one,hard,no_noise,40,10,none,96,0,0.000000,m5_impulse_one_tb40_pm10_none
impulse_one,hard,no_noise,40,10,subtract_min,96,0,0.000000,m5_impulse_one_tb40_pm10_subtract_min
impulse_one,hard,no_noise,40,12,none,96,0,0.000000,m5_impulse_one_tb40_pm12_none
impulse_one,hard,no_noise,40,12,subtract_min,96,0,0.000000,m5_impulse_one_tb40_pm12_subtract_min
impulse_one,hard,no_noise,40,16,none,96,0,0.000000,m5_impulse_one_tb40_pm16_none
impulse_one,hard,no_noise,40,16,subtract_min,96,0,0.000000,m5_impulse_one_tb40_pm16_subtract_min
impulse_one,hard,no_noise,64,8,none,96,0,0.000000,m5_impulse_one_tb64_pm8_none
impulse_one,hard,no_noise,64,8,subtract_min,96,0,0.000000,m5_impulse_one_tb64_pm8_subtract_min
impulse_one,hard,no_noise,64,10,none,96,0,0.000000,m5_impulse_one_tb64_pm10_none
impulse_one,hard,no_noise,64,10,subtract_min,96,0,0.000000,m5_impulse_one_tb64_pm10_subtract_min
impulse_one,hard,no_noise,64,12,none,96,0,0.000000,m5_impulse_one_tb64_pm12_none
impulse_one,hard,no_noise,64,12,subtract_min,96,0,0.000000,m5_impulse_one_tb64_pm12_subtract_min
impulse_one,hard,no_noise,64,16,none,96,0,0.000000,m5_impulse_one_tb64_pm16_none
impulse_one,hard,no_noise,64,16,subtract_min,96,0,0.000000,m5_impulse_one_tb64_pm16_subtract_min
no_noise,hard,no_noise,16,8,none,96,0,0.000000,m5_no_noise_tb16_pm8_none
no_noise,hard,no_noise,16,8,subtract_min,96,0,0.000000,m5_no_noise_tb16_pm8_subtract_min
no_noise,hard,no_noise,16,10,none,96,0,0.000000,m5_no_noise_tb16_pm10_none
no_noise,hard,no_noise,16,10,subtract_min,96,0,0.000000,m5_no_noise_tb16_pm10_subtract_min
no_noise,hard,no_noise,16,12,none,96,0,0.000000,m5_no_noise_tb16_pm12_none
no_noise,hard,no_noise,16,12,subtract_min,96,0,0.000000,m5_no_noise_tb16_pm12_subtract_min
no_noise,hard,no_noise,16,16,none,96,0,0.000000,m5_no_noise_tb16_pm16_none
no_noise,hard,no_noise,16,16,subtract_min,96,0,0.000000,m5_no_noise_tb16_pm16_subtract_min
no_noise,hard,no_noise,32,8,none,96,0,0.000000,m5_no_noise_tb32_pm8_none
no_noise,hard,no_noise,32,8,subtract_min,96,0,0.000000,m5_no_noise_tb32_pm8_subtract_min
no_noise,hard,no_noise,32,10,none,96,0,0.000000,m5_no_noise_tb32_pm10_none
no_noise,hard,no_noise,32,10,subtract_min,96,0,0.000000,m5_no_noise_tb32_pm10_subtract_min
no_noise,hard,no_noise,32,12,none,96,0,0.000000,m5_no_noise_tb32_pm12_none
no_noise,hard,no_noise,32,12,subtract_min,96,0,0.000000,m5_no_noise_tb32_pm12_subtract_min
no_noise,hard,no_noise,32,16,none,96,0,0.000000,m5_no_noise_tb32_pm16_none
no_noise,hard,no_noise,32,16,subtract_min,96,0,0.000000,m5_no_noise_tb32_pm16_subtract_min
no_noise,hard,no_noise,40,8,none,96,0,0.000000,m5_no_noise_tb40_pm8_none
no_noise,hard,no_noise,40,8,subtract_min,96,0,0.000000,m5_no_noise_tb40_pm8_subtract_min
no_noise,hard,no_noise,40,10,none,96,0,0.000000,m5_no_noise_tb40_pm10_none
no_noise,hard,no_noise,40,10,subtract_min,96,0,0.000000,m5_no_noise_tb40_pm10_subtract_min
no_noise,hard,no_noise,40,12,none,96,0,0.000000,m5_no_noise_tb40_pm12_none
no_noise,hard,no_noise,40,12,subtract_min,96,0,0.000000,m5_no_noise_tb40_pm12_subtract_min
no_noise,hard,no_noise,40,16,none,96,0,0.000000,m5_no_noise_tb40_pm16_none
no_noise,hard,no_noise,40,16,subtract_min,96,0,0.000000,m5_no_noise_tb40_pm16_subtract_min
no_noise,hard,no_noise,64,8,none,96,0,0.000000,m5_no_noise_tb64_pm8_none
no_noise,hard,no_noise,64,8,subtract_min,96,0,0.000000,m5_no_noise_tb64_pm8_subtract_min
no_noise,hard,no_noise,64,10,none,96,0,0.000000,m5_no_noise_tb64_pm10_none
no_noise,hard,no_noise,64,10,subtract_min,96,0,0.000000,m5_no_noise_tb64_pm10_subtract_min
no_noise,hard,no_noise,64,12,none,96,0,0.000000,m5_no_noise_tb64_pm12_none
no_noise,hard,no_noise,64,12,subtract_min,96,0,0.000000,m5_no_noise_tb64_pm12_subtract_min
no_noise,hard,no_noise,64,16,none,96,0,0.000000,m5_no_noise_tb64_pm16_none
no_noise,hard,no_noise,64,16,subtract_min,96,0,0.000000,m5_no_noise_tb64_pm16_subtract_min
random_hard,hard,random_hard,16,8,none,96,0,0.000000,m5_random_hard_tb16_pm8_none
random_hard,hard,random_hard,16,8,subtract_min,96,0,0.000000,m5_random_hard_tb16_pm8_subtract_min
random_hard,hard,random_hard,16,10,none,96,0,0.000000,m5_random_hard_tb16_pm10_none
random_hard,hard,random_hard,16,10,subtract_min,96,0,0.000000,m5_random_hard_tb16_pm10_subtract_min
random_hard,hard,random_hard,16,12,none,96,0,0.000000,m5_random_hard_tb16_pm12_none
random_hard,hard,random_hard,16,12,subtract_min,96,0,0.000000,m5_random_hard_tb16_pm12_subtract_min
random_hard,hard,random_hard,16,16,none,96,0,0.000000,m5_random_hard_tb16_pm16_none
random_hard,hard,random_hard,16,16,subtract_min,96,0,0.000000,m5_random_hard_tb16_pm16_subtract_min
random_hard,hard,random_hard,32,8,none,96,0,0.000000,m5_random_hard_tb32_pm8_none
random_hard,hard,random_hard,32,8,subtract_min,96,0,0.000000,m5_random_hard_tb32_pm8_subtract_min
random_hard,hard,random_hard,32,10,none,96,0,0.000000,m5_random_hard_tb32_pm10_none
random_hard,hard,random_hard,32,10,subtract_min,96,0,0.000000,m5_random_hard_tb32_pm10_subtract_min
random_hard,hard,random_hard,32,12,none,96,0,0.000000,m5_random_hard_tb32_pm12_none
random_hard,hard,random_hard,32,12,subtract_min,96,0,0.000000,m5_random_hard_tb32_pm12_subtract_min
random_hard,hard,random_hard,32,16,none,96,0,0.000000,m5_random_hard_tb32_pm16_none
random_hard,hard,random_hard,32,16,subtract_min,96,0,0.000000,m5_random_hard_tb32_pm16_subtract_min
random_hard,hard,random_hard,40,8,none,96,0,0.000000,m5_random_hard_tb40_pm8_none
random_hard,hard,random_hard,40,8,subtract_min,96,0,0.000000,m5_random_hard_tb40_pm8_subtract_min
random_hard,hard,random_hard,40,10,none,96,0,0.000000,m5_random_hard_tb40_pm10_none
random_hard,hard,random_hard,40,10,subtract_min,96,0,0.000000,m5_random_hard_tb40_pm10_subtract_min
random_hard,hard,random_hard,40,12,none,96,0,0.000000,m5_random_hard_tb40_pm12_none
random_hard,hard,random_hard,40,12,subtract_min,96,0,0.000000,m5_random_hard_tb40_pm12_subtract_min
random_hard,hard,random_hard,40,16,none,96,0,0.000000,m5_random_hard_tb40_pm16_none
random_hard,hard,random_hard,40,16,subtract_min,96,0,0.000000,m5_random_hard_tb40_pm16_subtract_min
random_hard,hard,random_hard,64,8,none,96,0,0.000000,m5_random_hard_tb64_pm8_none
random_hard,hard,random_hard,64,8,subtract_min,96,0,0.000000,m5_random_hard_tb64_pm8_subtract_min
random_hard,hard,random_hard,64,10,none,96,0,0.000000,m5_random_hard_tb64_pm10_none
random_hard,hard,random_hard,64,10,subtract_min,96,0,0.000000,m5_random_hard_tb64_pm10_subtract_min
random_hard,hard,random_hard,64,12,none,96,0,0.000000,m5_random_hard_tb64_pm12_none
random_hard,hard,random_hard,64,12,subtract_min,96,0,0.000000,m5_random_hard_tb64_pm12_subtract_min
random_hard,hard,random_hard,64,16,none,96,0,0.000000,m5_random_hard_tb64_pm16_none
random_hard,hard,random_hard,64,16,subtract_min,96,0,0.000000,m5_random_hard_tb64_pm16_subtract_min
single_bit_error,hard,flip_positions,16,8,none,96,0,0.000000,m5_single_bit_error_tb16_pm8_none
single_bit_error,hard,flip_positions,16,8,subtract_min,96,0,0.000000,m5_single_bit_error_tb16_pm8_subtract_min
single_bit_error,hard,flip_positions,16,10,none,96,0,0.000000,m5_single_bit_error_tb16_pm10_none
single_bit_error,hard,flip_positions,16,10,subtract_min,96,0,0.000000,m5_single_bit_error_tb16_pm10_subtract_min
single_bit_error,hard,flip_positions,16,12,none,96,0,0.000000,m5_single_bit_error_tb16_pm12_none
single_bit_error,hard,flip_positions,16,12,subtract_min,96,0,0.000000,m5_single_bit_error_tb16_pm12_subtract_min
single_bit_error,hard,flip_positions,16,16,none,96,0,0.000000,m5_single_bit_error_tb16_pm16_none
single_bit_error,hard,flip_positions,16,16,subtract_min,96,0,0.000000,m5_single_bit_error_tb16_pm16_subtract_min
single_bit_error,hard,flip_positions,32,8,none,96,0,0.000000,m5_single_bit_error_tb32_pm8_none
single_bit_error,hard,flip_positions,32,8,subtract_min,96,0,0.000000,m5_single_bit_error_tb32_pm8_subtract_min
single_bit_error,hard,flip_positions,32,10,none,96,0,0.000000,m5_single_bit_error_tb32_pm10_none
single_bit_error,hard,flip_positions,32,10,subtract_min,96,0,0.000000,m5_single_bit_error_tb32_pm10_subtract_min
single_bit_error,hard,flip_positions,32,12,none,96,0,0.000000,m5_single_bit_error_tb32_pm12_none
single_bit_error,hard,flip_positions,32,12,subtract_min,96,0,0.000000,m5_single_bit_error_tb32_pm12_subtract_min
single_bit_error,hard,flip_positions,32,16,none,96,0,0.000000,m5_single_bit_error_tb32_pm16_none
single_bit_error,hard,flip_positions,32,16,subtract_min,96,0,0.000000,m5_single_bit_error_tb32_pm16_subtract_min
single_bit_error,hard,flip_positions,40,8,none,96,0,0.000000,m5_single_bit_error_tb40_pm8_none
single_bit_error,hard,flip_positions,40,8,subtract_min,96,0,0.000000,m5_single_bit_error_tb40_pm8_subtract_min
single_bit_error,hard,flip_positions,40,10,none,96,0,0.000000,m5_single_bit_error_tb40_pm10_none
single_bit_error,hard,flip_positions,40,10,subtract_min,96,0,0.000000,m5_single_bit_error_tb40_pm10_subtract_min
single_bit_error,hard,flip_positions,40,12,none,96,0,0.000000,m5_single_bit_error_tb40_pm12_none
single_bit_error,hard,flip_positions,40,12,subtract_min,96,0,0.000000,m5_single_bit_error_tb40_pm12_subtract_min
single_bit_error,hard,flip_positions,40,16,none,96,0,0.000000,m5_single_bit_error_tb40_pm16_none
single_bit_error,hard,flip_positions,40,16,subtract_min,96,0,0.000000,m5_single_bit_error_tb40_pm16_subtract_min
single_bit_error,hard,flip_positions,64,8,none,96,0,0.000000,m5_single_bit_error_tb64_pm8_none
single_bit_error,hard,flip_positions,64,8,subtract_min,96,0,0.000000,m5_single_bit_error_tb64_pm8_subtract_min
single_bit_error,hard,flip_positions,64,10,none,96,0,0.000000,m5_single_bit_error_tb64_pm10_none
single_bit_error,hard,flip_positions,64,10,subtract_min,96,0,0.000000,m5_single_bit_error_tb64_pm10_subtract_min
single_bit_error,hard,flip_positions,64,12,none,96,0,0.000000,m5_single_bit_error_tb64_pm12_none
single_bit_error,hard,flip_positions,64,12,subtract_min,96,0,0.000000,m5_single_bit_error_tb64_pm12_subtract_min
single_bit_error,hard,flip_positions,64,16,none,96,0,0.000000,m5_single_bit_error_tb64_pm16_none
single_bit_error,hard,flip_positions,64,16,subtract_min,96,0,0.000000,m5_single_bit_error_tb64_pm16_subtract_min
soft_awgn_0db,soft3,soft_awgn,16,8,none,96,8,0.083333,m5_soft_awgn_0db_tb16_pm8_none
soft_awgn_0db,soft3,soft_awgn,16,8,subtract_min,96,8,0.083333,m5_soft_awgn_0db_tb16_pm8_subtract_min
soft_awgn_0db,soft3,soft_awgn,16,10,none,96,8,0.083333,m5_soft_awgn_0db_tb16_pm10_none
soft_awgn_0db,soft3,soft_awgn,16,10,subtract_min,96,8,0.083333,m5_soft_awgn_0db_tb16_pm10_subtract_min
soft_awgn_0db,soft3,soft_awgn,16,12,none,96,8,0.083333,m5_soft_awgn_0db_tb16_pm12_none
soft_awgn_0db,soft3,soft_awgn,16,12,subtract_min,96,8,0.083333,m5_soft_awgn_0db_tb16_pm12_subtract_min
soft_awgn_0db,soft3,soft_awgn,16,16,none,96,8,0.083333,m5_soft_awgn_0db_tb16_pm16_none
soft_awgn_0db,soft3,soft_awgn,16,16,subtract_min,96,8,0.083333,m5_soft_awgn_0db_tb16_pm16_subtract_min
soft_awgn_0db,soft3,soft_awgn,32,8,none,96,0,0.000000,m5_soft_awgn_0db_tb32_pm8_none
soft_awgn_0db,soft3,soft_awgn,32,8,subtract_min,96,0,0.000000,m5_soft_awgn_0db_tb32_pm8_subtract_min
soft_awgn_0db,soft3,soft_awgn,32,10,none,96,0,0.000000,m5_soft_awgn_0db_tb32_pm10_none
soft_awgn_0db,soft3,soft_awgn,32,10,subtract_min,96,0,0.000000,m5_soft_awgn_0db_tb32_pm10_subtract_min
soft_awgn_0db,soft3,soft_awgn,32,12,none,96,0,0.000000,m5_soft_awgn_0db_tb32_pm12_none
soft_awgn_0db,soft3,soft_awgn,32,12,subtract_min,96,0,0.000000,m5_soft_awgn_0db_tb32_pm12_subtract_min
soft_awgn_0db,soft3,soft_awgn,32,16,none,96,0,0.000000,m5_soft_awgn_0db_tb32_pm16_none
soft_awgn_0db,soft3,soft_awgn,32,16,subtract_min,96,0,0.000000,m5_soft_awgn_0db_tb32_pm16_subtract_min
soft_awgn_0db,soft3,soft_awgn,40,8,none,96,0,0.000000,m5_soft_awgn_0db_tb40_pm8_none
soft_awgn_0db,soft3,soft_awgn,40,8,subtract_min,96,0,0.000000,m5_soft_awgn_0db_tb40_pm8_subtract_min
soft_awgn_0db,soft3,soft_awgn,40,10,none,96,0,0.000000,m5_soft_awgn_0db_tb40_pm10_none
soft_awgn_0db,soft3,soft_awgn,40,10,subtract_min,96,0,0.000000,m5_soft_awgn_0db_tb40_pm10_subtract_min
soft_awgn_0db,soft3,soft_awgn,40,12,none,96,0,0.000000,m5_soft_awgn_0db_tb40_pm12_none
soft_awgn_0db,soft3,soft_awgn,40,12,subtract_min,96,0,0.000000,m5_soft_awgn_0db_tb40_pm12_subtract_min
soft_awgn_0db,soft3,soft_awgn,40,16,none,96,0,0.000000,m5_soft_awgn_0db_tb40_pm16_none
soft_awgn_0db,soft3,soft_awgn,40,16,subtract_min,96,0,0.000000,m5_soft_awgn_0db_tb40_pm16_subtract_min
soft_awgn_0db,soft3,soft_awgn,64,8,none,96,0,0.000000,m5_soft_awgn_0db_tb64_pm8_none
soft_awgn_0db,soft3,soft_awgn,64,8,subtract_min,96,0,0.000000,m5_soft_awgn_0db_tb64_pm8_subtract_min
soft_awgn_0db,soft3,soft_awgn,64,10,none,96,0,0.000000,m5_soft_awgn_0db_tb64_pm10_none
soft_awgn_0db,soft3,soft_awgn,64,10,subtract_min,96,0,0.000000,m5_soft_awgn_0db_tb64_pm10_subtract_min
soft_awgn_0db,soft3,soft_awgn,64,12,none,96,0,0.000000,m5_soft_awgn_0db_tb64_pm12_none
soft_awgn_0db,soft3,soft_awgn,64,12,subtract_min,96,0,0.000000,m5_soft_awgn_0db_tb64_pm12_subtract_min
soft_awgn_0db,soft3,soft_awgn,64,16,none,96,0,0.000000,m5_soft_awgn_0db_tb64_pm16_none
soft_awgn_0db,soft3,soft_awgn,64,16,subtract_min,96,0,0.000000,m5_soft_awgn_0db_tb64_pm16_subtract_min
soft_awgn_1db,soft3,soft_awgn,16,8,none,96,0,0.000000,m5_soft_awgn_1db_tb16_pm8_none
soft_awgn_1db,soft3,soft_awgn,16,8,subtract_min,96,0,0.000000,m5_soft_awgn_1db_tb16_pm8_subtract_min
soft_awgn_1db,soft3,soft_awgn,16,10,none,96,0,0.000000,m5_soft_awgn_1db_tb16_pm10_none
soft_awgn_1db,soft3,soft_awgn,16,10,subtract_min,96,0,0.000000,m5_soft_awgn_1db_tb16_pm10_subtract_min
soft_awgn_1db,soft3,soft_awgn,16,12,none,96,0,0.000000,m5_soft_awgn_1db_tb16_pm12_none
soft_awgn_1db,soft3,soft_awgn,16,12,subtract_min,96,0,0.000000,m5_soft_awgn_1db_tb16_pm12_subtract_min
soft_awgn_1db,soft3,soft_awgn,16,16,none,96,0,0.000000,m5_soft_awgn_1db_tb16_pm16_none
soft_awgn_1db,soft3,soft_awgn,16,16,subtract_min,96,0,0.000000,m5_soft_awgn_1db_tb16_pm16_subtract_min
soft_awgn_1db,soft3,soft_awgn,32,8,none,96,0,0.000000,m5_soft_awgn_1db_tb32_pm8_none
soft_awgn_1db,soft3,soft_awgn,32,8,subtract_min,96,0,0.000000,m5_soft_awgn_1db_tb32_pm8_subtract_min
soft_awgn_1db,soft3,soft_awgn,32,10,none,96,0,0.000000,m5_soft_awgn_1db_tb32_pm10_none
soft_awgn_1db,soft3,soft_awgn,32,10,subtract_min,96,0,0.000000,m5_soft_awgn_1db_tb32_pm10_subtract_min
soft_awgn_1db,soft3,soft_awgn,32,12,none,96,0,0.000000,m5_soft_awgn_1db_tb32_pm12_none
soft_awgn_1db,soft3,soft_awgn,32,12,subtract_min,96,0,0.000000,m5_soft_awgn_1db_tb32_pm12_subtract_min
soft_awgn_1db,soft3,soft_awgn,32,16,none,96,0,0.000000,m5_soft_awgn_1db_tb32_pm16_none
soft_awgn_1db,soft3,soft_awgn,32,16,subtract_min,96,0,0.000000,m5_soft_awgn_1db_tb32_pm16_subtract_min
soft_awgn_1db,soft3,soft_awgn,40,8,none,96,0,0.000000,m5_soft_awgn_1db_tb40_pm8_none
soft_awgn_1db,soft3,soft_awgn,40,8,subtract_min,96,0,0.000000,m5_soft_awgn_1db_tb40_pm8_subtract_min
soft_awgn_1db,soft3,soft_awgn,40,10,none,96,0,0.000000,m5_soft_awgn_1db_tb40_pm10_none
soft_awgn_1db,soft3,soft_awgn,40,10,subtract_min,96,0,0.000000,m5_soft_awgn_1db_tb40_pm10_subtract_min
soft_awgn_1db,soft3,soft_awgn,40,12,none,96,0,0.000000,m5_soft_awgn_1db_tb40_pm12_none
soft_awgn_1db,soft3,soft_awgn,40,12,subtract_min,96,0,0.000000,m5_soft_awgn_1db_tb40_pm12_subtract_min
soft_awgn_1db,soft3,soft_awgn,40,16,none,96,0,0.000000,m5_soft_awgn_1db_tb40_pm16_none
soft_awgn_1db,soft3,soft_awgn,40,16,subtract_min,96,0,0.000000,m5_soft_awgn_1db_tb40_pm16_subtract_min
soft_awgn_1db,soft3,soft_awgn,64,8,none,96,0,0.000000,m5_soft_awgn_1db_tb64_pm8_none
soft_awgn_1db,soft3,soft_awgn,64,8,subtract_min,96,0,0.000000,m5_soft_awgn_1db_tb64_pm8_subtract_min
soft_awgn_1db,soft3,soft_awgn,64,10,none,96,0,0.000000,m5_soft_awgn_1db_tb64_pm10_none
soft_awgn_1db,soft3,soft_awgn,64,10,subtract_min,96,0,0.000000,m5_soft_awgn_1db_tb64_pm10_subtract_min
soft_awgn_1db,soft3,soft_awgn,64,12,none,96,0,0.000000,m5_soft_awgn_1db_tb64_pm12_none
soft_awgn_1db,soft3,soft_awgn,64,12,subtract_min,96,0,0.000000,m5_soft_awgn_1db_tb64_pm12_subtract_min
soft_awgn_1db,soft3,soft_awgn,64,16,none,96,0,0.000000,m5_soft_awgn_1db_tb64_pm16_none
soft_awgn_1db,soft3,soft_awgn,64,16,subtract_min,96,0,0.000000,m5_soft_awgn_1db_tb64_pm16_subtract_min
soft_awgn_2db,soft3,soft_awgn,16,8,none,96,0,0.000000,m5_soft_awgn_2db_tb16_pm8_none
soft_awgn_2db,soft3,soft_awgn,16,8,subtract_min,96,0,0.000000,m5_soft_awgn_2db_tb16_pm8_subtract_min
soft_awgn_2db,soft3,soft_awgn,16,10,none,96,0,0.000000,m5_soft_awgn_2db_tb16_pm10_none
soft_awgn_2db,soft3,soft_awgn,16,10,subtract_min,96,0,0.000000,m5_soft_awgn_2db_tb16_pm10_subtract_min
soft_awgn_2db,soft3,soft_awgn,16,12,none,96,0,0.000000,m5_soft_awgn_2db_tb16_pm12_none
soft_awgn_2db,soft3,soft_awgn,16,12,subtract_min,96,0,0.000000,m5_soft_awgn_2db_tb16_pm12_subtract_min
soft_awgn_2db,soft3,soft_awgn,16,16,none,96,0,0.000000,m5_soft_awgn_2db_tb16_pm16_none
soft_awgn_2db,soft3,soft_awgn,16,16,subtract_min,96,0,0.000000,m5_soft_awgn_2db_tb16_pm16_subtract_min
soft_awgn_2db,soft3,soft_awgn,32,8,none,96,0,0.000000,m5_soft_awgn_2db_tb32_pm8_none
soft_awgn_2db,soft3,soft_awgn,32,8,subtract_min,96,0,0.000000,m5_soft_awgn_2db_tb32_pm8_subtract_min
soft_awgn_2db,soft3,soft_awgn,32,10,none,96,0,0.000000,m5_soft_awgn_2db_tb32_pm10_none
soft_awgn_2db,soft3,soft_awgn,32,10,subtract_min,96,0,0.000000,m5_soft_awgn_2db_tb32_pm10_subtract_min
soft_awgn_2db,soft3,soft_awgn,32,12,none,96,0,0.000000,m5_soft_awgn_2db_tb32_pm12_none
soft_awgn_2db,soft3,soft_awgn,32,12,subtract_min,96,0,0.000000,m5_soft_awgn_2db_tb32_pm12_subtract_min
soft_awgn_2db,soft3,soft_awgn,32,16,none,96,0,0.000000,m5_soft_awgn_2db_tb32_pm16_none
soft_awgn_2db,soft3,soft_awgn,32,16,subtract_min,96,0,0.000000,m5_soft_awgn_2db_tb32_pm16_subtract_min
soft_awgn_2db,soft3,soft_awgn,40,8,none,96,0,0.000000,m5_soft_awgn_2db_tb40_pm8_none
soft_awgn_2db,soft3,soft_awgn,40,8,subtract_min,96,0,0.000000,m5_soft_awgn_2db_tb40_pm8_subtract_min
soft_awgn_2db,soft3,soft_awgn,40,10,none,96,0,0.000000,m5_soft_awgn_2db_tb40_pm10_none
soft_awgn_2db,soft3,soft_awgn,40,10,subtract_min,96,0,0.000000,m5_soft_awgn_2db_tb40_pm10_subtract_min
soft_awgn_2db,soft3,soft_awgn,40,12,none,96,0,0.000000,m5_soft_awgn_2db_tb40_pm12_none
soft_awgn_2db,soft3,soft_awgn,40,12,subtract_min,96,0,0.000000,m5_soft_awgn_2db_tb40_pm12_subtract_min
soft_awgn_2db,soft3,soft_awgn,40,16,none,96,0,0.000000,m5_soft_awgn_2db_tb40_pm16_none
soft_awgn_2db,soft3,soft_awgn,40,16,subtract_min,96,0,0.000000,m5_soft_awgn_2db_tb40_pm16_subtract_min
soft_awgn_2db,soft3,soft_awgn,64,8,none,96,0,0.000000,m5_soft_awgn_2db_tb64_pm8_none
soft_awgn_2db,soft3,soft_awgn,64,8,subtract_min,96,0,0.000000,m5_soft_awgn_2db_tb64_pm8_subtract_min
soft_awgn_2db,soft3,soft_awgn,64,10,none,96,0,0.000000,m5_soft_awgn_2db_tb64_pm10_none
soft_awgn_2db,soft3,soft_awgn,64,10,subtract_min,96,0,0.000000,m5_soft_awgn_2db_tb64_pm10_subtract_min
soft_awgn_2db,soft3,soft_awgn,64,12,none,96,0,0.000000,m5_soft_awgn_2db_tb64_pm12_none
soft_awgn_2db,soft3,soft_awgn,64,12,subtract_min,96,0,0.000000,m5_soft_awgn_2db_tb64_pm12_subtract_min
soft_awgn_2db,soft3,soft_awgn,64,16,none,96,0,0.000000,m5_soft_awgn_2db_tb64_pm16_none
soft_awgn_2db,soft3,soft_awgn,64,16,subtract_min,96,0,0.000000,m5_soft_awgn_2db_tb64_pm16_subtract_min
